{
  "warnings": [
    {
      "file": "AmeliaKit/IPSAKBpnExecutionEvent.h",
      "line": 14,
      "symbol": "IPSAKBpnProcessEvent.PROCESS_STARTED_EVENT",
      "symbol_kind": "sourcekitten.source.lang.objc.decl.enumcase",
      "warning": "undocumented"
    },
    {
      "file": "AmeliaKit/IPSAKBpnExecutionEvent.h",
      "line": 15,
      "symbol": "IPSAKBpnProcessEvent.TASK_STARTED_EVENT",
      "symbol_kind": "sourcekitten.source.lang.objc.decl.enumcase",
      "warning": "undocumented"
    },
    {
      "file": "AmeliaKit/IPSAKBpnExecutionEvent.h",
      "line": 16,
      "symbol": "IPSAKBpnProcessEvent.TASK_COMPLETION_EVENT",
      "symbol_kind": "sourcekitten.source.lang.objc.decl.enumcase",
      "warning": "undocumented"
    },
    {
      "file": "AmeliaKit/IPSAKBpnExecutionEvent.h",
      "line": 17,
      "symbol": "IPSAKBpnProcessEvent.PROCESS_SUSPENDED_EVENT",
      "symbol_kind": "sourcekitten.source.lang.objc.decl.enumcase",
      "warning": "undocumented"
    },
    {
      "file": "AmeliaKit/IPSAKBpnExecutionEvent.h",
      "line": 18,
      "symbol": "IPSAKBpnProcessEvent.PROCESS_RESUMED_EVENT",
      "symbol_kind": "sourcekitten.source.lang.objc.decl.enumcase",
      "warning": "undocumented"
    },
    {
      "file": "AmeliaKit/IPSAKBpnExecutionEvent.h",
      "line": 19,
      "symbol": "IPSAKBpnProcessEvent.PROCESS_ABORTED_EVENT",
      "symbol_kind": "sourcekitten.source.lang.objc.decl.enumcase",
      "warning": "undocumented"
    },
    {
      "file": "AmeliaKit/IPSAKBpnExecutionEvent.h",
      "line": 20,
      "symbol": "IPSAKBpnProcessEvent.PROCESS_COMPLETED_EVENT",
      "symbol_kind": "sourcekitten.source.lang.objc.decl.enumcase",
      "warning": "undocumented"
    },
    {
      "file": "AmeliaKit/IPSAKConversationInfo.h",
      "line": 17,
      "symbol": "IPSAKConversationInfo.-initWithConversationId:domainId:lastAccessed:andSessionMode:",
      "symbol_kind": "sourcekitten.source.lang.objc.decl.method.instance",
      "warning": "undocumented"
    },
    {
      "file": "AmeliaKit/IPSAKConversationInfo.h",
      "line": 18,
      "symbol": "IPSAKConversationInfo.conversationId",
      "symbol_kind": "sourcekitten.source.lang.objc.decl.property",
      "warning": "undocumented"
    },
    {
      "file": "AmeliaKit/IPSAKConversationInfo.h",
      "line": 19,
      "symbol": "IPSAKConversationInfo.domainId",
      "symbol_kind": "sourcekitten.source.lang.objc.decl.property",
      "warning": "undocumented"
    },
    {
      "file": "AmeliaKit/IPSAKConversationInfo.h",
      "line": 20,
      "symbol": "IPSAKConversationInfo.lastAccessed",
      "symbol_kind": "sourcekitten.source.lang.objc.decl.property",
      "warning": "undocumented"
    },
    {
      "file": "AmeliaKit/IPSAKConversationInfo.h",
      "line": 21,
      "symbol": "IPSAKConversationInfo.sessionMode",
      "symbol_kind": "sourcekitten.source.lang.objc.decl.property",
      "warning": "undocumented"
    },
    {
      "file": "AmeliaKit/IPSAKEscalationAlert.h",
      "line": 16,
      "symbol": "IPSAKAvailabilityType.AWAY",
      "symbol_kind": "sourcekitten.source.lang.objc.decl.enumcase",
      "warning": "undocumented"
    },
    {
      "file": "AmeliaKit/IPSAKEscalationAlert.h",
      "line": 17,
      "symbol": "IPSAKAvailabilityType.READY",
      "symbol_kind": "sourcekitten.source.lang.objc.decl.enumcase",
      "warning": "undocumented"
    },
    {
      "file": "AmeliaKit/IPSAKEscalationAlert.h",
      "line": 18,
      "symbol": "IPSAKAvailabilityType.BUSY",
      "symbol_kind": "sourcekitten.source.lang.objc.decl.enumcase",
      "warning": "undocumented"
    },
    {
      "file": "AmeliaKit/IPSAKEscalationAlert.h",
      "line": 19,
      "symbol": "IPSAKAvailabilityType.OFFLINE",
      "symbol_kind": "sourcekitten.source.lang.objc.decl.enumcase",
      "warning": "undocumented"
    },
    {
      "file": "AmeliaKit/IPSAKEscalationAlert.h",
      "line": 25,
      "symbol": "IPSAKEscalationAlert.messageType",
      "symbol_kind": "sourcekitten.source.lang.objc.decl.property",
      "warning": "undocumented"
    },
    {
      "file": "AmeliaKit/IPSAKEscalationAlert.h",
      "line": 26,
      "symbol": "IPSAKEscalationAlert.escalationRequestId",
      "symbol_kind": "sourcekitten.source.lang.objc.decl.property",
      "warning": "undocumented"
    },
    {
      "file": "AmeliaKit/IPSAKEscalationAlert.h",
      "line": 27,
      "symbol": "IPSAKEscalationAlert.details",
      "symbol_kind": "sourcekitten.source.lang.objc.decl.property",
      "warning": "undocumented"
    },
    {
      "file": "AmeliaKit/IPSAKEscalationAlert.h",
      "line": 28,
      "symbol": "IPSAKEscalationAlert.effectiveTimeout",
      "symbol_kind": "sourcekitten.source.lang.objc.decl.property",
      "warning": "undocumented"
    },
    {
      "file": "AmeliaKit/IPSAKEscalationAlert.h",
      "line": 29,
      "symbol": "IPSAKEscalationAlert.updateAvailability",
      "symbol_kind": "sourcekitten.source.lang.objc.decl.property",
      "warning": "undocumented"
    },
    {
      "file": "AmeliaKit/IPSAKEscalationAlert.h",
      "line": 30,
      "symbol": "IPSAKEscalationAlert.availability",
      "symbol_kind": "sourcekitten.source.lang.objc.decl.property",
      "warning": "undocumented"
    },
    {
      "file": "AmeliaKit/IPSAKEscalationAlert.h",
      "line": 31,
      "symbol": "IPSAKEscalationAlert.webApiNotificationEnabled",
      "symbol_kind": "sourcekitten.source.lang.objc.decl.property",
      "warning": "undocumented"
    },
    {
      "file": "AmeliaKit/IPSAKEscalationRequest.h",
      "line": 14,
      "symbol": "IPSAKEscalationType.IPSAKEscalationTypeNormal",
      "symbol_kind": "sourcekitten.source.lang.objc.decl.enumcase",
      "warning": "undocumented"
    },
    {
      "file": "AmeliaKit/IPSAKEscalationRequest.h",
      "line": 15,
      "symbol": "IPSAKEscalationType.IPSAKEscalationTypeAssigned",
      "symbol_kind": "sourcekitten.source.lang.objc.decl.enumcase",
      "warning": "undocumented"
    },
    {
      "file": "AmeliaKit/IPSAKEscalationRequest.h",
      "line": 21,
      "symbol": "IPSAKEscalationRequest.escalationId",
      "symbol_kind": "sourcekitten.source.lang.objc.decl.property",
      "warning": "undocumented"
    },
    {
      "file": "AmeliaKit/IPSAKEscalationRequest.h",
      "line": 22,
      "symbol": "IPSAKEscalationRequest.agentId",
      "symbol_kind": "sourcekitten.source.lang.objc.decl.property",
      "warning": "undocumented"
    },
    {
      "file": "AmeliaKit/IPSAKEscalationRequest.h",
      "line": 23,
      "symbol": "IPSAKEscalationRequest.agentName",
      "symbol_kind": "sourcekitten.source.lang.objc.decl.property",
      "warning": "undocumented"
    },
    {
      "file": "AmeliaKit/IPSAKEscalationRequest.h",
      "line": 24,
      "symbol": "IPSAKEscalationRequest.conversationId",
      "symbol_kind": "sourcekitten.source.lang.objc.decl.property",
      "warning": "undocumented"
    },
    {
      "file": "AmeliaKit/IPSAKEscalationRequest.h",
      "line": 25,
      "symbol": "IPSAKEscalationRequest.domainName",
      "symbol_kind": "sourcekitten.source.lang.objc.decl.property",
      "warning": "undocumented"
    },
    {
      "file": "AmeliaKit/IPSAKEscalationRequest.h",
      "line": 26,
      "symbol": "IPSAKEscalationRequest.domainCode",
      "symbol_kind": "sourcekitten.source.lang.objc.decl.property",
      "warning": "undocumented"
    },
    {
      "file": "AmeliaKit/IPSAKEscalationRequest.h",
      "line": 27,
      "symbol": "IPSAKEscalationRequest.escalationType",
      "symbol_kind": "sourcekitten.source.lang.objc.decl.property",
      "warning": "undocumented"
    },
    {
      "file": "AmeliaKit/IPSAKEscalationRequest.h",
      "line": 28,
      "symbol": "IPSAKEscalationRequest.escalationTimeout",
      "symbol_kind": "sourcekitten.source.lang.objc.decl.property",
      "warning": "undocumented"
    },
    {
      "file": "AmeliaKit/IPSAKEscalationRequest.h",
      "line": 29,
      "symbol": "IPSAKEscalationRequest.endUserName",
      "symbol_kind": "sourcekitten.source.lang.objc.decl.property",
      "warning": "undocumented"
    },
    {
      "file": "AmeliaKit/IPSAKEscalationRequest.h",
      "line": 30,
      "symbol": "IPSAKEscalationRequest.escalationAttributes",
      "symbol_kind": "sourcekitten.source.lang.objc.decl.property",
      "warning": "undocumented"
    },
    {
      "file": "AmeliaKit/IPSAKJoinConversationRequest.h",
      "line": 17,
      "symbol": "IPSAKJoinConversationRequest.conversationId",
      "symbol_kind": "sourcekitten.source.lang.objc.decl.property",
      "warning": "undocumented"
    },
    {
      "file": "AmeliaKit/IPSAKJoinConversationRequest.h",
      "line": 18,
      "symbol": "IPSAKJoinConversationRequest.fromUserDisplayName",
      "symbol_kind": "sourcekitten.source.lang.objc.decl.property",
      "warning": "undocumented"
    },
    {
      "file": "AmeliaKit/IPSAKJoinConversationRequest.h",
      "line": 19,
      "symbol": "IPSAKJoinConversationRequest.messageText",
      "symbol_kind": "sourcekitten.source.lang.objc.decl.property",
      "warning": "undocumented"
    },
    {
      "file": "AmeliaKit/IPSAKJoinConversationRequest.h",
      "line": 20,
      "symbol": "IPSAKJoinConversationRequest.sessionMode",
      "symbol_kind": "sourcekitten.source.lang.objc.decl.property",
      "warning": "undocumented"
    },
    {
      "file": "AmeliaKit/IPSAKJoinConversationRequest.h",
      "line": 21,
      "symbol": "IPSAKJoinConversationRequest.autoSwitch",
      "symbol_kind": "sourcekitten.source.lang.objc.decl.property",
      "warning": "undocumented"
    },
    {
      "file": "AmeliaKit/IPSAKMessage.h",
      "line": 102,
      "symbol": "IPSAKSourceUserType.IPSAKSourceUserTypeAmelia",
      "symbol_kind": "sourcekitten.source.lang.objc.decl.enumcase",
      "warning": "undocumented"
    },
    {
      "file": "AmeliaKit/IPSAKMessage.h",
      "line": 103,
      "symbol": "IPSAKSourceUserType.IPSAKSourceUserTypeUser",
      "symbol_kind": "sourcekitten.source.lang.objc.decl.enumcase",
      "warning": "undocumented"
    },
    {
      "file": "AmeliaKit/IPSAKMessage.h",
      "line": 104,
      "symbol": "IPSAKSourceUserType.IPSAKSourceUserTypeAgent",
      "symbol_kind": "sourcekitten.source.lang.objc.decl.enumcase",
      "warning": "undocumented"
    },
    {
      "file": "AmeliaKit/IPSAKSupportedType.h",
      "line": 14,
      "symbol": "IPSAKSupportedType.mimeType",
      "symbol_kind": "sourcekitten.source.lang.objc.decl.property",
      "warning": "undocumented"
    },
    {
      "file": "AmeliaKit/IPSAKSupportedType.h",
      "line": 15,
      "symbol": "IPSAKSupportedType.fileExtensions",
      "symbol_kind": "sourcekitten.source.lang.objc.decl.property",
      "warning": "undocumented"
    },
    {
      "file": "AmeliaKit/IPSStompClient.h",
      "line": 13,
      "symbol": "IPSStompErrorDomain",
      "symbol_kind": "sourcekitten.source.lang.objc.decl.constant",
      "warning": "undocumented"
    },
    {
      "file": "AmeliaKit/IPSStompClient.h",
      "line": 14,
      "symbol": "IPSStompCommandConnect",
      "symbol_kind": "sourcekitten.source.lang.objc.decl.constant",
      "warning": "undocumented"
    },
    {
      "file": "AmeliaKit/IPSStompClient.h",
      "line": 15,
      "symbol": "IPSStompCommandConnected",
      "symbol_kind": "sourcekitten.source.lang.objc.decl.constant",
      "warning": "undocumented"
    },
    {
      "file": "AmeliaKit/IPSStompClient.h",
      "line": 16,
      "symbol": "IPSStompCommandDisconnect",
      "symbol_kind": "sourcekitten.source.lang.objc.decl.constant",
      "warning": "undocumented"
    },
    {
      "file": "AmeliaKit/IPSStompClient.h",
      "line": 17,
      "symbol": "IPSStompCommandSubscribe",
      "symbol_kind": "sourcekitten.source.lang.objc.decl.constant",
      "warning": "undocumented"
    },
    {
      "file": "AmeliaKit/IPSStompClient.h",
      "line": 18,
      "symbol": "IPSStompCommandUnsubscribe",
      "symbol_kind": "sourcekitten.source.lang.objc.decl.constant",
      "warning": "undocumented"
    },
    {
      "file": "AmeliaKit/IPSStompClient.h",
      "line": 19,
      "symbol": "IPStompCommandSend",
      "symbol_kind": "sourcekitten.source.lang.objc.decl.constant",
      "warning": "undocumented"
    },
    {
      "file": "AmeliaKit/IPSStompClient.h",
      "line": 21,
      "symbol": "IPSStompErrorCode",
      "symbol_kind": "sourcekitten.source.lang.objc.decl.enum",
      "warning": "undocumented"
    },
    {
      "file": "AmeliaKit/IPSStompClient.h",
      "line": 21,
      "symbol": "IPSStompErrorCode",
      "symbol_kind": "sourcekitten.source.lang.objc.decl.typedef",
      "warning": "undocumented"
    },
    {
      "file": "AmeliaKit/IPSStompClient.h",
      "line": 22,
      "symbol": "IPSStompErrorCode.IPSStompErrorInvalidFrame",
      "symbol_kind": "sourcekitten.source.lang.objc.decl.enumcase",
      "warning": "undocumented"
    },
    {
      "file": "AmeliaKit/IPSStompClient.h",
      "line": 23,
      "symbol": "IPSStompErrorCode.IPSStompErrorNoConnection",
      "symbol_kind": "sourcekitten.source.lang.objc.decl.enumcase",
      "warning": "undocumented"
    },
    {
      "file": "AmeliaKit/IPSStompClient.h",
      "line": 30,
      "symbol": "IPSStompFrame.+stompFrameFromString:",
      "symbol_kind": "sourcekitten.source.lang.objc.decl.method.class",
      "warning": "undocumented"
    },
    {
      "file": "AmeliaKit/IPSStompClient.h",
      "line": 32,
      "symbol": "IPSStompFrame.-initWithCommand:headers:body:",
      "symbol_kind": "sourcekitten.source.lang.objc.decl.method.instance",
      "warning": "undocumented"
    },
    {
      "file": "AmeliaKit/IPSStompClient.h",
      "line": 34,
      "symbol": "IPSStompFrame.-toString",
      "symbol_kind": "sourcekitten.source.lang.objc.decl.method.instance",
      "warning": "undocumented"
    },
    {
      "file": "AmeliaKit/IPSStompClient.h",
      "line": 36,
      "symbol": "IPSStompFrame.command",
      "symbol_kind": "sourcekitten.source.lang.objc.decl.property",
      "warning": "undocumented"
    },
    {
      "file": "AmeliaKit/IPSStompClient.h",
      "line": 37,
      "symbol": "IPSStompFrame.headers",
      "symbol_kind": "sourcekitten.source.lang.objc.decl.property",
      "warning": "undocumented"
    },
    {
      "file": "AmeliaKit/IPSStompClient.h",
      "line": 38,
      "symbol": "IPSStompFrame.body",
      "symbol_kind": "sourcekitten.source.lang.objc.decl.property",
      "warning": "undocumented"
    },
    {
      "file": "AmeliaKit/IPSStompClient.h",
      "line": 48,
      "symbol": "IPSStompClient.-initWithURL:andRequestTimeout:",
      "symbol_kind": "sourcekitten.source.lang.objc.decl.method.instance",
      "warning": "undocumented"
    },
    {
      "file": "AmeliaKit/IPSStompClient.h",
      "line": 50,
      "symbol": "IPSStompClient.delegate",
      "symbol_kind": "sourcekitten.source.lang.objc.decl.property",
      "warning": "undocumented"
    },
    {
      "file": "AmeliaKit/IPSStompClient.h",
      "line": 52,
      "symbol": "IPSStompClient.httpCookies",
      "symbol_kind": "sourcekitten.source.lang.objc.decl.property",
      "warning": "undocumented"
    },
    {
      "file": "AmeliaKit/IPSStompClient.h",
      "line": 53,
      "symbol": "IPSStompClient.httpHeaders",
      "symbol_kind": "sourcekitten.source.lang.objc.decl.property",
      "warning": "undocumented"
    },
    {
      "file": "AmeliaKit/IPSStompClient.h",
      "line": 54,
      "symbol": "IPSStompClient.ignoreCertificateErrors",
      "symbol_kind": "sourcekitten.source.lang.objc.decl.property",
      "warning": "undocumented"
    },
    {
      "file": "AmeliaKit/IPSStompClient.h",
      "line": 61,
      "symbol": "IPSStompClient.-connect",
      "symbol_kind": "sourcekitten.source.lang.objc.decl.method.instance",
      "warning": "undocumented"
    },
    {
      "file": "AmeliaKit/IPSStompClient.h",
      "line": 63,
      "symbol": "IPSStompClient.-disconnect",
      "symbol_kind": "sourcekitten.source.lang.objc.decl.method.instance",
      "warning": "undocumented"
    },
    {
      "file": "AmeliaKit/IPSStompClient.h",
      "line": 65,
      "symbol": "IPSStompClient.-subscribeTo:headers:",
      "symbol_kind": "sourcekitten.source.lang.objc.decl.method.instance",
      "warning": "undocumented"
    },
    {
      "file": "AmeliaKit/IPSStompClient.h",
      "line": 67,
      "symbol": "IPSStompClient.-unsubscribeWithHeaders:",
      "symbol_kind": "sourcekitten.source.lang.objc.decl.method.instance",
      "warning": "undocumented"
    },
    {
      "file": "AmeliaKit/IPSStompClient.h",
      "line": 69,
      "symbol": "IPSStompClient.-sendTo:headers:jsonBody:",
      "symbol_kind": "sourcekitten.source.lang.objc.decl.method.instance",
      "warning": "undocumented"
    },
    {
      "file": "AmeliaKit/IPSStompClient.h",
      "line": 73,
      "symbol": "IPSStompClient.trafficMonitor",
      "symbol_kind": "sourcekitten.source.lang.objc.decl.property",
      "warning": "undocumented"
    },
    {
      "file": "AmeliaKit/IPSStompClient.h",
      "line": 74,
      "symbol": "IPSStompClient.createWebSocket",
      "symbol_kind": "sourcekitten.source.lang.objc.decl.property",
      "warning": "undocumented"
    },
    {
      "file": "AmeliaKit/IPSStompClient.h",
      "line": 78,
      "symbol": "IPSStompClientDelegate",
      "symbol_kind": "sourcekitten.source.lang.objc.decl.protocol",
      "warning": "undocumented"
    },
    {
      "file": "AmeliaKit/IPSStompClient.h",
      "line": 80,
      "symbol": "IPSStompClientDelegate.-stompClientDidConnect:",
      "symbol_kind": "sourcekitten.source.lang.objc.decl.method.instance",
      "warning": "undocumented"
    },
    {
      "file": "AmeliaKit/IPSStompClient.h",
      "line": 81,
      "symbol": "IPSStompClientDelegate.-stompClient:didReceiveFrame:",
      "symbol_kind": "sourcekitten.source.lang.objc.decl.method.instance",
      "warning": "undocumented"
    },
    {
      "file": "AmeliaKit/IPSStompClient.h",
      "line": 82,
      "symbol": "IPSStompClientDelegate.-stompClient:didGetReceipt:",
      "symbol_kind": "sourcekitten.source.lang.objc.decl.method.instance",
      "warning": "undocumented"
    },
    {
      "file": "AmeliaKit/IPSStompClient.h",
      "line": 83,
      "symbol": "IPSStompClientDelegate.-stompClient:didFailWithError:",
      "symbol_kind": "sourcekitten.source.lang.objc.decl.method.instance",
      "warning": "undocumented"
    },
    {
      "file": "AmeliaKit/IPSStompClient.h",
      "line": 84,
      "symbol": "IPSStompClientDelegate.-stompClient:stompFrameError:",
      "symbol_kind": "sourcekitten.source.lang.objc.decl.method.instance",
      "warning": "undocumented"
    },
    {
      "file": "AmeliaKit/IPSStompClient.h",
      "line": 85,
      "symbol": "IPSStompClientDelegate.-stompClient:didCloseWithError:",
      "symbol_kind": "sourcekitten.source.lang.objc.decl.method.instance",
      "warning": "undocumented"
    }
  ],
  "source_directory": "/Users/bambooagent/bamboo-agent-home/xml-data/build-dir/AV3MOB-AMISR-JOB1/ameliav3-sdk-ios/sdk"
}