{
  "warnings": [
    {
      "file": "AmeliaKit/IPSAKAppConfig.h",
      "line": 11,
      "symbol": "IPSAKAppConfig",
      "symbol_kind": "sourcekitten.source.lang.objc.decl.class",
      "warning": "undocumented"
    },
    {
      "file": "AmeliaKit/IPSAKBpnExecutionEvent.h",
      "line": 11,
      "symbol": "IPSAKBpnProcessEvent",
      "symbol_kind": "sourcekitten.source.lang.objc.decl.enum",
      "warning": "undocumented"
    },
    {
      "file": "AmeliaKit/IPSAKBpnExecutionEvent.h",
      "line": 11,
      "symbol": "IPSAKBpnProcessEvent",
      "symbol_kind": "sourcekitten.source.lang.objc.decl.typedef",
      "warning": "undocumented"
    },
    {
      "file": "AmeliaKit/IPSAKBpnExecutionEvent.h",
      "line": 12,
      "symbol": "IPSAKBpnProcessEvent.PROCESS_STARTED_EVENT",
      "symbol_kind": "sourcekitten.source.lang.objc.decl.enumcase",
      "warning": "undocumented"
    },
    {
      "file": "AmeliaKit/IPSAKBpnExecutionEvent.h",
      "line": 13,
      "symbol": "IPSAKBpnProcessEvent.TASK_STARTED_EVENT",
      "symbol_kind": "sourcekitten.source.lang.objc.decl.enumcase",
      "warning": "undocumented"
    },
    {
      "file": "AmeliaKit/IPSAKBpnExecutionEvent.h",
      "line": 14,
      "symbol": "IPSAKBpnProcessEvent.TASK_COMPLETION_EVENT",
      "symbol_kind": "sourcekitten.source.lang.objc.decl.enumcase",
      "warning": "undocumented"
    },
    {
      "file": "AmeliaKit/IPSAKBpnExecutionEvent.h",
      "line": 15,
      "symbol": "IPSAKBpnProcessEvent.PROCESS_SUSPENDED_EVENT",
      "symbol_kind": "sourcekitten.source.lang.objc.decl.enumcase",
      "warning": "undocumented"
    },
    {
      "file": "AmeliaKit/IPSAKBpnExecutionEvent.h",
      "line": 16,
      "symbol": "IPSAKBpnProcessEvent.PROCESS_RESUMED_EVENT",
      "symbol_kind": "sourcekitten.source.lang.objc.decl.enumcase",
      "warning": "undocumented"
    },
    {
      "file": "AmeliaKit/IPSAKBpnExecutionEvent.h",
      "line": 17,
      "symbol": "IPSAKBpnProcessEvent.PROCESS_ABORTED_EVENT",
      "symbol_kind": "sourcekitten.source.lang.objc.decl.enumcase",
      "warning": "undocumented"
    },
    {
      "file": "AmeliaKit/IPSAKBpnExecutionEvent.h",
      "line": 18,
      "symbol": "IPSAKBpnProcessEvent.PROCESS_COMPLETED_EVENT",
      "symbol_kind": "sourcekitten.source.lang.objc.decl.enumcase",
      "warning": "undocumented"
    },
    {
      "file": "AmeliaKit/IPSAKBpnExecutionEvent.h",
      "line": 20,
      "symbol": "IPSAKBpnExecutionEvent",
      "symbol_kind": "sourcekitten.source.lang.objc.decl.class",
      "warning": "undocumented"
    },
    {
      "file": "AmeliaKit/IPSAKBpnExecutionEvent.h",
      "line": 21,
      "symbol": "IPSAKBpnExecutionEvent.eventId",
      "symbol_kind": "sourcekitten.source.lang.objc.decl.property",
      "warning": "undocumented"
    },
    {
      "file": "AmeliaKit/IPSAKBpnExecutionEvent.h",
      "line": 22,
      "symbol": "IPSAKBpnExecutionEvent.bpnProcessEvent",
      "symbol_kind": "sourcekitten.source.lang.objc.decl.property",
      "warning": "undocumented"
    },
    {
      "file": "AmeliaKit/IPSAKChat.h",
      "line": 421,
      "symbol": "IPSAKEscalationDelegate",
      "symbol_kind": "sourcekitten.source.lang.objc.decl.protocol",
      "warning": "undocumented"
    },
    {
      "file": "AmeliaKit/IPSAKConversation.h",
      "line": 18,
      "symbol": "IPSAKConversationState",
      "symbol_kind": "sourcekitten.source.lang.objc.decl.enum",
      "warning": "undocumented"
    },
    {
      "file": "AmeliaKit/IPSAKConversation.h",
      "line": 18,
      "symbol": "IPSAKConversationState",
      "symbol_kind": "sourcekitten.source.lang.objc.decl.typedef",
      "warning": "undocumented"
    },
    {
      "file": "AmeliaKit/IPSAKConversation.h",
      "line": 19,
      "symbol": "IPSAKConversationState.IPSAKConversationConnecting",
      "symbol_kind": "sourcekitten.source.lang.objc.decl.enumcase",
      "warning": "undocumented"
    },
    {
      "file": "AmeliaKit/IPSAKConversation.h",
      "line": 20,
      "symbol": "IPSAKConversationState.IPSAKConversationConnected",
      "symbol_kind": "sourcekitten.source.lang.objc.decl.enumcase",
      "warning": "undocumented"
    },
    {
      "file": "AmeliaKit/IPSAKConversation.h",
      "line": 101,
      "symbol": "IPSAKConversation.-sendCustomConversationAttributes:",
      "symbol_kind": "sourcekitten.source.lang.objc.decl.method.instance",
      "warning": "undocumented"
    },
    {
      "file": "AmeliaKit/IPSAKEscalationAlert.h",
      "line": 10,
      "symbol": "IPSAKAvailabilityType",
      "symbol_kind": "sourcekitten.source.lang.objc.decl.enum",
      "warning": "undocumented"
    },
    {
      "file": "AmeliaKit/IPSAKEscalationAlert.h",
      "line": 10,
      "symbol": "IPSAKAvailabilityType",
      "symbol_kind": "sourcekitten.source.lang.objc.decl.typedef",
      "warning": "undocumented"
    },
    {
      "file": "AmeliaKit/IPSAKEscalationAlert.h",
      "line": 11,
      "symbol": "IPSAKAvailabilityType.AWAY",
      "symbol_kind": "sourcekitten.source.lang.objc.decl.enumcase",
      "warning": "undocumented"
    },
    {
      "file": "AmeliaKit/IPSAKEscalationAlert.h",
      "line": 12,
      "symbol": "IPSAKAvailabilityType.READY",
      "symbol_kind": "sourcekitten.source.lang.objc.decl.enumcase",
      "warning": "undocumented"
    },
    {
      "file": "AmeliaKit/IPSAKEscalationAlert.h",
      "line": 13,
      "symbol": "IPSAKAvailabilityType.BUSY",
      "symbol_kind": "sourcekitten.source.lang.objc.decl.enumcase",
      "warning": "undocumented"
    },
    {
      "file": "AmeliaKit/IPSAKEscalationAlert.h",
      "line": 14,
      "symbol": "IPSAKAvailabilityType.OFFLINE",
      "symbol_kind": "sourcekitten.source.lang.objc.decl.enumcase",
      "warning": "undocumented"
    },
    {
      "file": "AmeliaKit/IPSAKEscalationAlert.h",
      "line": 17,
      "symbol": "IPSAKEscalationAlert",
      "symbol_kind": "sourcekitten.source.lang.objc.decl.class",
      "warning": "undocumented"
    },
    {
      "file": "AmeliaKit/IPSAKEscalationAlert.h",
      "line": 18,
      "symbol": "IPSAKEscalationAlert.escalationRequestId",
      "symbol_kind": "sourcekitten.source.lang.objc.decl.property",
      "warning": "undocumented"
    },
    {
      "file": "AmeliaKit/IPSAKEscalationAlert.h",
      "line": 19,
      "symbol": "IPSAKEscalationAlert.details",
      "symbol_kind": "sourcekitten.source.lang.objc.decl.property",
      "warning": "undocumented"
    },
    {
      "file": "AmeliaKit/IPSAKEscalationAlert.h",
      "line": 20,
      "symbol": "IPSAKEscalationAlert.effectiveTimeout",
      "symbol_kind": "sourcekitten.source.lang.objc.decl.property",
      "warning": "undocumented"
    },
    {
      "file": "AmeliaKit/IPSAKEscalationAlert.h",
      "line": 21,
      "symbol": "IPSAKEscalationAlert.updateAvailability",
      "symbol_kind": "sourcekitten.source.lang.objc.decl.property",
      "warning": "undocumented"
    },
    {
      "file": "AmeliaKit/IPSAKEscalationAlert.h",
      "line": 22,
      "symbol": "IPSAKEscalationAlert.availability",
      "symbol_kind": "sourcekitten.source.lang.objc.decl.property",
      "warning": "undocumented"
    },
    {
      "file": "AmeliaKit/IPSAKEscalationAlert.h",
      "line": 23,
      "symbol": "IPSAKEscalationAlert.webApiNotificationEnabled",
      "symbol_kind": "sourcekitten.source.lang.objc.decl.property",
      "warning": "undocumented"
    },
    {
      "file": "AmeliaKit/IPSAKEscalationRequest.h",
      "line": 10,
      "symbol": "IPSAKEscalationType",
      "symbol_kind": "sourcekitten.source.lang.objc.decl.enum",
      "warning": "undocumented"
    },
    {
      "file": "AmeliaKit/IPSAKEscalationRequest.h",
      "line": 10,
      "symbol": "IPSAKEscalationType",
      "symbol_kind": "sourcekitten.source.lang.objc.decl.typedef",
      "warning": "undocumented"
    },
    {
      "file": "AmeliaKit/IPSAKEscalationRequest.h",
      "line": 11,
      "symbol": "IPSAKEscalationType.IPSAKEscalationTypeNormal",
      "symbol_kind": "sourcekitten.source.lang.objc.decl.enumcase",
      "warning": "undocumented"
    },
    {
      "file": "AmeliaKit/IPSAKEscalationRequest.h",
      "line": 12,
      "symbol": "IPSAKEscalationType.IPSAKEscalationTypeAssigned",
      "symbol_kind": "sourcekitten.source.lang.objc.decl.enumcase",
      "warning": "undocumented"
    },
    {
      "file": "AmeliaKit/IPSAKEscalationRequest.h",
      "line": 15,
      "symbol": "IPSAKEscalationRequest",
      "symbol_kind": "sourcekitten.source.lang.objc.decl.class",
      "warning": "undocumented"
    },
    {
      "file": "AmeliaKit/IPSAKEscalationRequest.h",
      "line": 16,
      "symbol": "IPSAKEscalationRequest.escalationId",
      "symbol_kind": "sourcekitten.source.lang.objc.decl.property",
      "warning": "undocumented"
    },
    {
      "file": "AmeliaKit/IPSAKEscalationRequest.h",
      "line": 17,
      "symbol": "IPSAKEscalationRequest.agentId",
      "symbol_kind": "sourcekitten.source.lang.objc.decl.property",
      "warning": "undocumented"
    },
    {
      "file": "AmeliaKit/IPSAKEscalationRequest.h",
      "line": 18,
      "symbol": "IPSAKEscalationRequest.agentName",
      "symbol_kind": "sourcekitten.source.lang.objc.decl.property",
      "warning": "undocumented"
    },
    {
      "file": "AmeliaKit/IPSAKEscalationRequest.h",
      "line": 19,
      "symbol": "IPSAKEscalationRequest.conversationId",
      "symbol_kind": "sourcekitten.source.lang.objc.decl.property",
      "warning": "undocumented"
    },
    {
      "file": "AmeliaKit/IPSAKEscalationRequest.h",
      "line": 20,
      "symbol": "IPSAKEscalationRequest.domainName",
      "symbol_kind": "sourcekitten.source.lang.objc.decl.property",
      "warning": "undocumented"
    },
    {
      "file": "AmeliaKit/IPSAKEscalationRequest.h",
      "line": 21,
      "symbol": "IPSAKEscalationRequest.domainCode",
      "symbol_kind": "sourcekitten.source.lang.objc.decl.property",
      "warning": "undocumented"
    },
    {
      "file": "AmeliaKit/IPSAKEscalationRequest.h",
      "line": 22,
      "symbol": "IPSAKEscalationRequest.escalationType",
      "symbol_kind": "sourcekitten.source.lang.objc.decl.property",
      "warning": "undocumented"
    },
    {
      "file": "AmeliaKit/IPSAKEscalationRequest.h",
      "line": 23,
      "symbol": "IPSAKEscalationRequest.escalationTimeout",
      "symbol_kind": "sourcekitten.source.lang.objc.decl.property",
      "warning": "undocumented"
    },
    {
      "file": "AmeliaKit/IPSAKEscalationRequest.h",
      "line": 24,
      "symbol": "IPSAKEscalationRequest.endUserName",
      "symbol_kind": "sourcekitten.source.lang.objc.decl.property",
      "warning": "undocumented"
    },
    {
      "file": "AmeliaKit/IPSAKEscalationRequest.h",
      "line": 25,
      "symbol": "IPSAKEscalationRequest.escalationAttributes",
      "symbol_kind": "sourcekitten.source.lang.objc.decl.property",
      "warning": "undocumented"
    },
    {
      "file": "AmeliaKit/IPSAKJoinConversationRequest.h",
      "line": 14,
      "symbol": "IPSAKJoinConversationRequest",
      "symbol_kind": "sourcekitten.source.lang.objc.decl.class",
      "warning": "undocumented"
    },
    {
      "file": "AmeliaKit/IPSAKJoinConversationRequest.h",
      "line": 15,
      "symbol": "IPSAKJoinConversationRequest.conversationId",
      "symbol_kind": "sourcekitten.source.lang.objc.decl.property",
      "warning": "undocumented"
    },
    {
      "file": "AmeliaKit/IPSAKJoinConversationRequest.h",
      "line": 16,
      "symbol": "IPSAKJoinConversationRequest.fromUserDisplayName",
      "symbol_kind": "sourcekitten.source.lang.objc.decl.property",
      "warning": "undocumented"
    },
    {
      "file": "AmeliaKit/IPSAKJoinConversationRequest.h",
      "line": 17,
      "symbol": "IPSAKJoinConversationRequest.messageText",
      "symbol_kind": "sourcekitten.source.lang.objc.decl.property",
      "warning": "undocumented"
    },
    {
      "file": "AmeliaKit/IPSAKJoinConversationRequest.h",
      "line": 18,
      "symbol": "IPSAKJoinConversationRequest.sessionMode",
      "symbol_kind": "sourcekitten.source.lang.objc.decl.property",
      "warning": "undocumented"
    },
    {
      "file": "AmeliaKit/IPSAKJoinConversationRequest.h",
      "line": 19,
      "symbol": "IPSAKJoinConversationRequest.autoSwitch",
      "symbol_kind": "sourcekitten.source.lang.objc.decl.property",
      "warning": "undocumented"
    },
    {
      "file": "AmeliaKit/IPSAKLoginOptions.h",
      "line": 41,
      "symbol": "IPSAKLoginOptions.initialAttributes",
      "symbol_kind": "sourcekitten.source.lang.objc.decl.property",
      "warning": "undocumented"
    },
    {
      "file": "AmeliaKit/IPSAKLoginOptions.h",
      "line": 43,
      "symbol": "IPSAKLoginOptions.initialBpnVariables",
      "symbol_kind": "sourcekitten.source.lang.objc.decl.property",
      "warning": "undocumented"
    },
    {
      "file": "AmeliaKit/IPSAKPresentingResource.h",
      "line": 12,
      "symbol": "IPSAKPresentingResource",
      "symbol_kind": "sourcekitten.source.lang.objc.decl.class",
      "warning": "undocumented"
    },
    {
      "file": "AmeliaKit/IPSAKPresentingResource.h",
      "line": 14,
      "symbol": "IPSAKContentDisplayOption",
      "symbol_kind": "sourcekitten.source.lang.objc.decl.enum",
      "warning": "undocumented"
    },
    {
      "file": "AmeliaKit/IPSAKPresentingResource.h",
      "line": 14,
      "symbol": "IPSAKContentDisplayOption",
      "symbol_kind": "sourcekitten.source.lang.objc.decl.typedef",
      "warning": "undocumented"
    },
    {
      "file": "AmeliaKit/IPSAKSupportedType.h",
      "line": 11,
      "symbol": "IPSAKSupportedType",
      "symbol_kind": "sourcekitten.source.lang.objc.decl.class",
      "warning": "undocumented"
    },
    {
      "file": "AmeliaKit/IPSAKSupportedType.h",
      "line": 12,
      "symbol": "IPSAKSupportedType.mimeType",
      "symbol_kind": "sourcekitten.source.lang.objc.decl.property",
      "warning": "undocumented"
    },
    {
      "file": "AmeliaKit/IPSAKSupportedType.h",
      "line": 13,
      "symbol": "IPSAKSupportedType.fileExtensions",
      "symbol_kind": "sourcekitten.source.lang.objc.decl.property",
      "warning": "undocumented"
    },
    {
      "file": "AmeliaKit/IPSAKUploadMessage.h",
      "line": 26,
      "symbol": "IPSAKUploadMessage.cmObjectType",
      "symbol_kind": "sourcekitten.source.lang.objc.decl.property",
      "warning": "undocumented"
    },
    {
      "file": "AmeliaKit/IPSAKUploadMessage.h",
      "line": 27,
      "symbol": "IPSAKUploadMessage.maxSize",
      "symbol_kind": "sourcekitten.source.lang.objc.decl.property",
      "warning": "undocumented"
    },
    {
      "file": "AmeliaKit/IPSAKUploadMessage.h",
      "line": 28,
      "symbol": "IPSAKUploadMessage.multiple",
      "symbol_kind": "sourcekitten.source.lang.objc.decl.property",
      "warning": "undocumented"
    },
    {
      "file": "AmeliaKit/IPSAKUploadMessage.h",
      "line": 29,
      "symbol": "IPSAKUploadMessage.cancellable",
      "symbol_kind": "sourcekitten.source.lang.objc.decl.property",
      "warning": "undocumented"
    },
    {
      "file": "AmeliaKit/IPSStompClient.h",
      "line": 13,
      "symbol": "IPSStompErrorDomain",
      "symbol_kind": "sourcekitten.source.lang.objc.decl.constant",
      "warning": "undocumented"
    },
    {
      "file": "AmeliaKit/IPSStompClient.h",
      "line": 14,
      "symbol": "IPSStompCommandConnect",
      "symbol_kind": "sourcekitten.source.lang.objc.decl.constant",
      "warning": "undocumented"
    },
    {
      "file": "AmeliaKit/IPSStompClient.h",
      "line": 15,
      "symbol": "IPSStompCommandConnected",
      "symbol_kind": "sourcekitten.source.lang.objc.decl.constant",
      "warning": "undocumented"
    },
    {
      "file": "AmeliaKit/IPSStompClient.h",
      "line": 16,
      "symbol": "IPSStompCommandDisconnect",
      "symbol_kind": "sourcekitten.source.lang.objc.decl.constant",
      "warning": "undocumented"
    },
    {
      "file": "AmeliaKit/IPSStompClient.h",
      "line": 17,
      "symbol": "IPSStompCommandSubscribe",
      "symbol_kind": "sourcekitten.source.lang.objc.decl.constant",
      "warning": "undocumented"
    },
    {
      "file": "AmeliaKit/IPSStompClient.h",
      "line": 18,
      "symbol": "IPSStompCommandUnsubscribe",
      "symbol_kind": "sourcekitten.source.lang.objc.decl.constant",
      "warning": "undocumented"
    },
    {
      "file": "AmeliaKit/IPSStompClient.h",
      "line": 19,
      "symbol": "IPStompCommandSend",
      "symbol_kind": "sourcekitten.source.lang.objc.decl.constant",
      "warning": "undocumented"
    },
    {
      "file": "AmeliaKit/IPSStompClient.h",
      "line": 21,
      "symbol": "IPSStompErrorCode",
      "symbol_kind": "sourcekitten.source.lang.objc.decl.enum",
      "warning": "undocumented"
    },
    {
      "file": "AmeliaKit/IPSStompClient.h",
      "line": 21,
      "symbol": "IPSStompErrorCode",
      "symbol_kind": "sourcekitten.source.lang.objc.decl.typedef",
      "warning": "undocumented"
    },
    {
      "file": "AmeliaKit/IPSStompClient.h",
      "line": 22,
      "symbol": "IPSStompErrorCode.IPSStompErrorInvalidFrame",
      "symbol_kind": "sourcekitten.source.lang.objc.decl.enumcase",
      "warning": "undocumented"
    },
    {
      "file": "AmeliaKit/IPSStompClient.h",
      "line": 23,
      "symbol": "IPSStompErrorCode.IPSStompErrorNoConnection",
      "symbol_kind": "sourcekitten.source.lang.objc.decl.enumcase",
      "warning": "undocumented"
    },
    {
      "file": "AmeliaKit/IPSStompClient.h",
      "line": 26,
      "symbol": "IPSStompFrame",
      "symbol_kind": "sourcekitten.source.lang.objc.decl.class",
      "warning": "undocumented"
    },
    {
      "file": "AmeliaKit/IPSStompClient.h",
      "line": 28,
      "symbol": "IPSStompFrame.+stompFrameFromString:",
      "symbol_kind": "sourcekitten.source.lang.objc.decl.method.class",
      "warning": "undocumented"
    },
    {
      "file": "AmeliaKit/IPSStompClient.h",
      "line": 30,
      "symbol": "IPSStompFrame.-initWithCommand:headers:body:",
      "symbol_kind": "sourcekitten.source.lang.objc.decl.method.instance",
      "warning": "undocumented"
    },
    {
      "file": "AmeliaKit/IPSStompClient.h",
      "line": 32,
      "symbol": "IPSStompFrame.-toString",
      "symbol_kind": "sourcekitten.source.lang.objc.decl.method.instance",
      "warning": "undocumented"
    },
    {
      "file": "AmeliaKit/IPSStompClient.h",
      "line": 34,
      "symbol": "IPSStompFrame.command",
      "symbol_kind": "sourcekitten.source.lang.objc.decl.property",
      "warning": "undocumented"
    },
    {
      "file": "AmeliaKit/IPSStompClient.h",
      "line": 35,
      "symbol": "IPSStompFrame.headers",
      "symbol_kind": "sourcekitten.source.lang.objc.decl.property",
      "warning": "undocumented"
    },
    {
      "file": "AmeliaKit/IPSStompClient.h",
      "line": 36,
      "symbol": "IPSStompFrame.body",
      "symbol_kind": "sourcekitten.source.lang.objc.decl.property",
      "warning": "undocumented"
    },
    {
      "file": "AmeliaKit/IPSStompClient.h",
      "line": 42,
      "symbol": "IPSStompClient",
      "symbol_kind": "sourcekitten.source.lang.objc.decl.class",
      "warning": "undocumented"
    },
    {
      "file": "AmeliaKit/IPSStompClient.h",
      "line": 44,
      "symbol": "IPSStompClient.-initWithURL:",
      "symbol_kind": "sourcekitten.source.lang.objc.decl.method.instance",
      "warning": "undocumented"
    },
    {
      "file": "AmeliaKit/IPSStompClient.h",
      "line": 46,
      "symbol": "IPSStompClient.delegate",
      "symbol_kind": "sourcekitten.source.lang.objc.decl.property",
      "warning": "undocumented"
    },
    {
      "file": "AmeliaKit/IPSStompClient.h",
      "line": 48,
      "symbol": "IPSStompClient.httpCookies",
      "symbol_kind": "sourcekitten.source.lang.objc.decl.property",
      "warning": "undocumented"
    },
    {
      "file": "AmeliaKit/IPSStompClient.h",
      "line": 49,
      "symbol": "IPSStompClient.httpHeaders",
      "symbol_kind": "sourcekitten.source.lang.objc.decl.property",
      "warning": "undocumented"
    },
    {
      "file": "AmeliaKit/IPSStompClient.h",
      "line": 50,
      "symbol": "IPSStompClient.ignoreCertificateErrors",
      "symbol_kind": "sourcekitten.source.lang.objc.decl.property",
      "warning": "undocumented"
    },
    {
      "file": "AmeliaKit/IPSStompClient.h",
      "line": 57,
      "symbol": "IPSStompClient.-connect",
      "symbol_kind": "sourcekitten.source.lang.objc.decl.method.instance",
      "warning": "undocumented"
    },
    {
      "file": "AmeliaKit/IPSStompClient.h",
      "line": 59,
      "symbol": "IPSStompClient.-disconnect",
      "symbol_kind": "sourcekitten.source.lang.objc.decl.method.instance",
      "warning": "undocumented"
    },
    {
      "file": "AmeliaKit/IPSStompClient.h",
      "line": 61,
      "symbol": "IPSStompClient.-subscribeTo:headers:",
      "symbol_kind": "sourcekitten.source.lang.objc.decl.method.instance",
      "warning": "undocumented"
    },
    {
      "file": "AmeliaKit/IPSStompClient.h",
      "line": 63,
      "symbol": "IPSStompClient.-unsubscribeWithHeaders:",
      "symbol_kind": "sourcekitten.source.lang.objc.decl.method.instance",
      "warning": "undocumented"
    },
    {
      "file": "AmeliaKit/IPSStompClient.h",
      "line": 65,
      "symbol": "IPSStompClient.-sendTo:headers:jsonBody:",
      "symbol_kind": "sourcekitten.source.lang.objc.decl.method.instance",
      "warning": "undocumented"
    },
    {
      "file": "AmeliaKit/IPSStompClient.h",
      "line": 69,
      "symbol": "IPSStompClient.trafficMonitor",
      "symbol_kind": "sourcekitten.source.lang.objc.decl.property",
      "warning": "undocumented"
    },
    {
      "file": "AmeliaKit/IPSStompClient.h",
      "line": 70,
      "symbol": "IPSStompClient.createWebSocket",
      "symbol_kind": "sourcekitten.source.lang.objc.decl.property",
      "warning": "undocumented"
    },
    {
      "file": "AmeliaKit/IPSStompClient.h",
      "line": 74,
      "symbol": "IPSStompClientDelegate",
      "symbol_kind": "sourcekitten.source.lang.objc.decl.protocol",
      "warning": "undocumented"
    },
    {
      "file": "AmeliaKit/IPSStompClient.h",
      "line": 76,
      "symbol": "IPSStompClientDelegate.-stompClientDidConnect:",
      "symbol_kind": "sourcekitten.source.lang.objc.decl.method.instance",
      "warning": "undocumented"
    },
    {
      "file": "AmeliaKit/IPSStompClient.h",
      "line": 77,
      "symbol": "IPSStompClientDelegate.-stompClient:didReceiveFrame:",
      "symbol_kind": "sourcekitten.source.lang.objc.decl.method.instance",
      "warning": "undocumented"
    },
    {
      "file": "AmeliaKit/IPSStompClient.h",
      "line": 78,
      "symbol": "IPSStompClientDelegate.-stompClient:didGetReceipt:",
      "symbol_kind": "sourcekitten.source.lang.objc.decl.method.instance",
      "warning": "undocumented"
    },
    {
      "file": "AmeliaKit/IPSStompClient.h",
      "line": 79,
      "symbol": "IPSStompClientDelegate.-stompClient:didFailWithError:",
      "symbol_kind": "sourcekitten.source.lang.objc.decl.method.instance",
      "warning": "undocumented"
    },
    {
      "file": "AmeliaKit/IPSStompClient.h",
      "line": 80,
      "symbol": "IPSStompClientDelegate.-stompClient:stompFrameError:",
      "symbol_kind": "sourcekitten.source.lang.objc.decl.method.instance",
      "warning": "undocumented"
    },
    {
      "file": "AmeliaKit/IPSStompClient.h",
      "line": 81,
      "symbol": "IPSStompClientDelegate.-stompClient:didCloseWithError:",
      "symbol_kind": "sourcekitten.source.lang.objc.decl.method.instance",
      "warning": "undocumented"
    }
  ],
  "source_directory": "/Users/bambooagent/bamboo-agent-home/xml-data/build-dir/AV3-AMISR-JOB1/ameliav3-sdk-ios/sdk"
}