{
  "warnings": [
    {
      "file": "AmeliaKit/IPSAKAppConfig.h",
      "line": 11,
      "symbol": "IPSAKAppConfig",
      "symbol_kind": "sourcekitten.source.lang.objc.decl.class",
      "warning": "undocumented"
    },
    {
      "file": "AmeliaKit/IPSAKConversation.h",
      "line": 17,
      "symbol": "IPSAKConversationState",
      "symbol_kind": "sourcekitten.source.lang.objc.decl.enum",
      "warning": "undocumented"
    },
    {
      "file": "AmeliaKit/IPSAKConversation.h",
      "line": 17,
      "symbol": "IPSAKConversationState",
      "symbol_kind": "sourcekitten.source.lang.objc.decl.typedef",
      "warning": "undocumented"
    },
    {
      "file": "AmeliaKit/IPSAKConversation.h",
      "line": 18,
      "symbol": "IPSAKConversationState.IPSAKConversationConnecting",
      "symbol_kind": "sourcekitten.source.lang.objc.decl.enumcase",
      "warning": "undocumented"
    },
    {
      "file": "AmeliaKit/IPSAKConversation.h",
      "line": 19,
      "symbol": "IPSAKConversationState.IPSAKConversationConnected",
      "symbol_kind": "sourcekitten.source.lang.objc.decl.enumcase",
      "warning": "undocumented"
    },
    {
      "file": "AmeliaKit/IPSAKResourceMetaData.h",
      "line": 12,
      "symbol": "IPSAKResourceMetaData",
      "symbol_kind": "sourcekitten.source.lang.objc.decl.class",
      "warning": "undocumented"
    },
    {
      "file": "AmeliaKit/IPSAKResourceMetaData.h",
      "line": 14,
      "symbol": "IPSAKContentDisplayOption",
      "symbol_kind": "sourcekitten.source.lang.objc.decl.enum",
      "warning": "undocumented"
    },
    {
      "file": "AmeliaKit/IPSAKResourceMetaData.h",
      "line": 14,
      "symbol": "IPSAKContentDisplayOption",
      "symbol_kind": "sourcekitten.source.lang.objc.decl.typedef",
      "warning": "undocumented"
    },
    {
      "file": "AmeliaKit/IPSStompClient.h",
      "line": 13,
      "symbol": "IPSStompErrorDomain",
      "symbol_kind": "sourcekitten.source.lang.objc.decl.constant",
      "warning": "undocumented"
    },
    {
      "file": "AmeliaKit/IPSStompClient.h",
      "line": 14,
      "symbol": "IPSStompCommandConnect",
      "symbol_kind": "sourcekitten.source.lang.objc.decl.constant",
      "warning": "undocumented"
    },
    {
      "file": "AmeliaKit/IPSStompClient.h",
      "line": 15,
      "symbol": "IPSStompCommandConnected",
      "symbol_kind": "sourcekitten.source.lang.objc.decl.constant",
      "warning": "undocumented"
    },
    {
      "file": "AmeliaKit/IPSStompClient.h",
      "line": 16,
      "symbol": "IPSStompCommandDisconnect",
      "symbol_kind": "sourcekitten.source.lang.objc.decl.constant",
      "warning": "undocumented"
    },
    {
      "file": "AmeliaKit/IPSStompClient.h",
      "line": 17,
      "symbol": "IPSStompCommandSubscribe",
      "symbol_kind": "sourcekitten.source.lang.objc.decl.constant",
      "warning": "undocumented"
    },
    {
      "file": "AmeliaKit/IPSStompClient.h",
      "line": 18,
      "symbol": "IPSStompCommandUnsubscribe",
      "symbol_kind": "sourcekitten.source.lang.objc.decl.constant",
      "warning": "undocumented"
    },
    {
      "file": "AmeliaKit/IPSStompClient.h",
      "line": 19,
      "symbol": "IPStompCommandSend",
      "symbol_kind": "sourcekitten.source.lang.objc.decl.constant",
      "warning": "undocumented"
    },
    {
      "file": "AmeliaKit/IPSStompClient.h",
      "line": 21,
      "symbol": "IPSStompErrorCode",
      "symbol_kind": "sourcekitten.source.lang.objc.decl.enum",
      "warning": "undocumented"
    },
    {
      "file": "AmeliaKit/IPSStompClient.h",
      "line": 21,
      "symbol": "IPSStompErrorCode",
      "symbol_kind": "sourcekitten.source.lang.objc.decl.typedef",
      "warning": "undocumented"
    },
    {
      "file": "AmeliaKit/IPSStompClient.h",
      "line": 22,
      "symbol": "IPSStompErrorCode.IPSStompErrorInvalidFrame",
      "symbol_kind": "sourcekitten.source.lang.objc.decl.enumcase",
      "warning": "undocumented"
    },
    {
      "file": "AmeliaKit/IPSStompClient.h",
      "line": 23,
      "symbol": "IPSStompErrorCode.IPSStompErrorNoConnection",
      "symbol_kind": "sourcekitten.source.lang.objc.decl.enumcase",
      "warning": "undocumented"
    },
    {
      "file": "AmeliaKit/IPSStompClient.h",
      "line": 26,
      "symbol": "IPSStompFrame",
      "symbol_kind": "sourcekitten.source.lang.objc.decl.class",
      "warning": "undocumented"
    },
    {
      "file": "AmeliaKit/IPSStompClient.h",
      "line": 28,
      "symbol": "IPSStompFrame.+stompFrameFromString:",
      "symbol_kind": "sourcekitten.source.lang.objc.decl.method.class",
      "warning": "undocumented"
    },
    {
      "file": "AmeliaKit/IPSStompClient.h",
      "line": 30,
      "symbol": "IPSStompFrame.-initWithCommand:headers:body:",
      "symbol_kind": "sourcekitten.source.lang.objc.decl.method.instance",
      "warning": "undocumented"
    },
    {
      "file": "AmeliaKit/IPSStompClient.h",
      "line": 32,
      "symbol": "IPSStompFrame.-toString",
      "symbol_kind": "sourcekitten.source.lang.objc.decl.method.instance",
      "warning": "undocumented"
    },
    {
      "file": "AmeliaKit/IPSStompClient.h",
      "line": 34,
      "symbol": "IPSStompFrame.command",
      "symbol_kind": "sourcekitten.source.lang.objc.decl.property",
      "warning": "undocumented"
    },
    {
      "file": "AmeliaKit/IPSStompClient.h",
      "line": 35,
      "symbol": "IPSStompFrame.headers",
      "symbol_kind": "sourcekitten.source.lang.objc.decl.property",
      "warning": "undocumented"
    },
    {
      "file": "AmeliaKit/IPSStompClient.h",
      "line": 36,
      "symbol": "IPSStompFrame.body",
      "symbol_kind": "sourcekitten.source.lang.objc.decl.property",
      "warning": "undocumented"
    },
    {
      "file": "AmeliaKit/IPSStompClient.h",
      "line": 42,
      "symbol": "IPSStompClient",
      "symbol_kind": "sourcekitten.source.lang.objc.decl.class",
      "warning": "undocumented"
    },
    {
      "file": "AmeliaKit/IPSStompClient.h",
      "line": 44,
      "symbol": "IPSStompClient.-initWithURL:",
      "symbol_kind": "sourcekitten.source.lang.objc.decl.method.instance",
      "warning": "undocumented"
    },
    {
      "file": "AmeliaKit/IPSStompClient.h",
      "line": 46,
      "symbol": "IPSStompClient.delegate",
      "symbol_kind": "sourcekitten.source.lang.objc.decl.property",
      "warning": "undocumented"
    },
    {
      "file": "AmeliaKit/IPSStompClient.h",
      "line": 48,
      "symbol": "IPSStompClient.httpCookies",
      "symbol_kind": "sourcekitten.source.lang.objc.decl.property",
      "warning": "undocumented"
    },
    {
      "file": "AmeliaKit/IPSStompClient.h",
      "line": 49,
      "symbol": "IPSStompClient.httpHeaders",
      "symbol_kind": "sourcekitten.source.lang.objc.decl.property",
      "warning": "undocumented"
    },
    {
      "file": "AmeliaKit/IPSStompClient.h",
      "line": 50,
      "symbol": "IPSStompClient.ignoreCertificateErrors",
      "symbol_kind": "sourcekitten.source.lang.objc.decl.property",
      "warning": "undocumented"
    },
    {
      "file": "AmeliaKit/IPSStompClient.h",
      "line": 57,
      "symbol": "IPSStompClient.-connect",
      "symbol_kind": "sourcekitten.source.lang.objc.decl.method.instance",
      "warning": "undocumented"
    },
    {
      "file": "AmeliaKit/IPSStompClient.h",
      "line": 59,
      "symbol": "IPSStompClient.-disconnect",
      "symbol_kind": "sourcekitten.source.lang.objc.decl.method.instance",
      "warning": "undocumented"
    },
    {
      "file": "AmeliaKit/IPSStompClient.h",
      "line": 61,
      "symbol": "IPSStompClient.-subscribeTo:headers:",
      "symbol_kind": "sourcekitten.source.lang.objc.decl.method.instance",
      "warning": "undocumented"
    },
    {
      "file": "AmeliaKit/IPSStompClient.h",
      "line": 63,
      "symbol": "IPSStompClient.-unsubscribeWithHeaders:",
      "symbol_kind": "sourcekitten.source.lang.objc.decl.method.instance",
      "warning": "undocumented"
    },
    {
      "file": "AmeliaKit/IPSStompClient.h",
      "line": 65,
      "symbol": "IPSStompClient.-sendTo:headers:jsonBody:",
      "symbol_kind": "sourcekitten.source.lang.objc.decl.method.instance",
      "warning": "undocumented"
    },
    {
      "file": "AmeliaKit/IPSStompClient.h",
      "line": 69,
      "symbol": "IPSStompClient.trafficMonitor",
      "symbol_kind": "sourcekitten.source.lang.objc.decl.property",
      "warning": "undocumented"
    },
    {
      "file": "AmeliaKit/IPSStompClient.h",
      "line": 70,
      "symbol": "IPSStompClient.createWebSocket",
      "symbol_kind": "sourcekitten.source.lang.objc.decl.property",
      "warning": "undocumented"
    },
    {
      "file": "AmeliaKit/IPSStompClient.h",
      "line": 74,
      "symbol": "IPSStompClientDelegate",
      "symbol_kind": "sourcekitten.source.lang.objc.decl.protocol",
      "warning": "undocumented"
    },
    {
      "file": "AmeliaKit/IPSStompClient.h",
      "line": 76,
      "symbol": "IPSStompClientDelegate.-stompClientDidConnect:",
      "symbol_kind": "sourcekitten.source.lang.objc.decl.method.instance",
      "warning": "undocumented"
    },
    {
      "file": "AmeliaKit/IPSStompClient.h",
      "line": 77,
      "symbol": "IPSStompClientDelegate.-stompClient:didReceiveFrame:",
      "symbol_kind": "sourcekitten.source.lang.objc.decl.method.instance",
      "warning": "undocumented"
    },
    {
      "file": "AmeliaKit/IPSStompClient.h",
      "line": 78,
      "symbol": "IPSStompClientDelegate.-stompClient:didFailWithError:",
      "symbol_kind": "sourcekitten.source.lang.objc.decl.method.instance",
      "warning": "undocumented"
    },
    {
      "file": "AmeliaKit/IPSStompClient.h",
      "line": 79,
      "symbol": "IPSStompClientDelegate.-stompClient:stompFrameError:",
      "symbol_kind": "sourcekitten.source.lang.objc.decl.method.instance",
      "warning": "undocumented"
    },
    {
      "file": "AmeliaKit/IPSStompClient.h",
      "line": 80,
      "symbol": "IPSStompClientDelegate.-stompClient:didCloseWithError:",
      "symbol_kind": "sourcekitten.source.lang.objc.decl.method.instance",
      "warning": "undocumented"
    }
  ],
  "source_directory": "/Users/yyang/workspace/ameliav3-sdk-ios/sdk"
}